{"stats":{"minecraft:picked_up":{"minecraft:dirt":21},"minecraft:custom":{"minecraft:jump":8,"minecraft:time_since_rest":13033,"minecraft:damage_dealt":30,"minecraft:leave_game":7,"minecraft:play_time":13033,"minecraft:damage_taken":40,"minecraft:time_since_death":13033,"minecraft:walk_one_cm":9635,"minecraft:total_world_time":13033,"minecraft:drop":5,"minecraft:fly_one_cm":81},"minecraft:dropped":{"minecraft:dirt":5},"minecraft:mined":{"minecraft:short_grass":1,"minecraft:grass_block":7,"minecraft:dirt":8},"minecraft:used":{"minecraft:dirt":15}},"DataVersion":3953}