{"stats":{"minecraft:picked_up":{"minecraft:rotten_flesh":2,"minecraft:sand":2,"minecraft:dirt":20},"minecraft:used":{"minecraft:rotten_flesh":1,"minecraft:dirt":14,"minecraft:sand":1},"minecraft:dropped":{"minecraft:dirt":6,"minecraft:sand":1},"minecraft:mined":{"minecraft:short_grass":2,"minecraft:grass_block":6,"minecraft:dirt":9,"minecraft:sand":1},"minecraft:custom":{"minecraft:time_since_rest":19415,"minecraft:play_time":19415,"minecraft:crouch_one_cm":186,"minecraft:sprint_one_cm":1584,"minecraft:damage_taken":105,"minecraft:walk_one_cm":14866,"minecraft:sneak_time":14,"minecraft:mob_kills":1,"minecraft:drop":7,"minecraft:jump":83,"minecraft:damage_dealt":42,"minecraft:leave_game":5,"minecraft:time_since_death":19415,"minecraft:walk_on_water_one_cm":746,"minecraft:total_world_time":19415,"minecraft:fall_one_cm":1672,"minecraft:fly_one_cm":5887}},"DataVersion":3953}